<?xml version="1.0" encoding="UTF-8"?>

<mule xmlns:custom-logger="http://www.mulesoft.org/schema/mule/custom-logger"
	xmlns:ee="http://www.mulesoft.org/schema/mule/ee/core" xmlns="http://www.mulesoft.org/schema/mule/core"
	xmlns:doc="http://www.mulesoft.org/schema/mule/documentation"
	xmlns:xsi="http://www.w3.org/2001/XMLSchema-instance" xsi:schemaLocation="http://www.mulesoft.org/schema/mule/core http://www.mulesoft.org/schema/mule/core/current/mule.xsd
http://www.mulesoft.org/schema/mule/ee/core http://www.mulesoft.org/schema/mule/ee/core/current/mule-ee.xsd
http://www.mulesoft.org/schema/mule/custom-logger http://www.mulesoft.org/schema/mule/custom-logger/current/mule-custom-logger.xsd">
	<flow name="get:\health-check:aws-sapi-config">
        <ee:transform doc:name="Set Response" doc:id="3996a32d-7737-48b6-83fc-8e7ff8ac2071" >
			<ee:message >
				<ee:set-payload ><![CDATA[%dw 2.0
output application/json
---
{
	message: app.name ++ " is alive and kicking"
}]]></ee:set-payload>
			</ee:message>
		</ee:transform>
    
</flow>
	</mule>
