<?xml version="1.0" encoding="UTF-8"?>

<mule xmlns:ee="http://www.mulesoft.org/schema/mule/ee/core" xmlns:http="http://www.mulesoft.org/schema/mule/http"
	xmlns="http://www.mulesoft.org/schema/mule/core"
	xmlns:doc="http://www.mulesoft.org/schema/mule/documentation" xmlns:xsi="http://www.w3.org/2001/XMLSchema-instance" xsi:schemaLocation="http://www.mulesoft.org/schema/mule/core http://www.mulesoft.org/schema/mule/core/current/mule.xsd
http://www.mulesoft.org/schema/mule/http http://www.mulesoft.org/schema/mule/http/current/mule-http.xsd
http://www.mulesoft.org/schema/mule/ee/core http://www.mulesoft.org/schema/mule/ee/core/current/mule-ee.xsd">
	<http:listener-config name="HTTP_Listener_config" doc:name="HTTP Listener config" doc:id="e9d7b85f-6c67-4da5-b427-4c36376f947b" >
		<http:listener-connection host="0.0.0.0" port="8081" />
	</http:listener-config>
	<http:request-config name="HTTP_Uhub_SAPI_Request_configuration" doc:name="HTTP Request configuration" doc:id="ecba9ed6-70e0-42e4-8c53-0ac047ff2c68" basePath="/covid/v1" >
		<http:request-connection host="uho-devx-uhub-sapi.us-e2.cloudhub.io" port="80" >
			<http:authentication >
				<http:basic-authentication username="uhouser" password="uhouser123" />
			</http:authentication>
		</http:request-connection>
	</http:request-config>
	<flow name="covid-papiFlow" doc:id="32887716-dfd6-4d22-9b46-83d15ea1dc40" >
		<http:listener doc:name="Listener" doc:id="f64ef9da-ec94-4bb7-aec7-96941cd755cf" config-ref="HTTP_Listener_config" path="v1/cases"/>
		<ee:transform doc:name="Set correlationId And transactionId" doc:id="c3a1cef8-a46b-4cf7-96d9-233d1fa70f2d" >
			<ee:message />
			<ee:variables >
				<ee:set-variable variableName="correlationId" ><![CDATA[%dw 2.0
output application/java
---
attributes.headers.'x-correlation-id' default payload.nationalID]]></ee:set-variable>
				<ee:set-variable variableName="transactionId" ><![CDATA[attributes.headers.'x-transaction-id' default uuid()]]></ee:set-variable>
				<ee:set-variable variableName="covidPayload" ><![CDATA[payload]]></ee:set-variable>
			</ee:variables>
		</ee:transform>
		<logger level="INFO" doc:name="Start Log" doc:id="161a74e0-a614-4081-861e-9f5362162356" message='transactionID: #[vars.transactionId]], correlationID: #[vars.correlationId], message: "Started register covid case flow"' />
		<http:request method="GET" doc:name="Request UHUB-SAPI Get Case By National ID" doc:id="ec7e1276-031f-413f-b808-fe7951c43c4c" config-ref="HTTP_Uhub_SAPI_Request_configuration" path="/cases/{nationalId}">
			<http:headers ><![CDATA[#[{
	"x-correlation-id": vars.correlationId,
	"x-transaction-id": vars.transactionId
}]]]></http:headers>
			<http:uri-params ><![CDATA[#[{
	nationalId: vars.covidPayload.nationalID
}]]]></http:uri-params>
			<http:response-validator >
				<http:success-status-code-validator values="200,404" />
			</http:response-validator>
		</http:request>
		<set-variable value="#[payload[0].caseID]" doc:name="Set caseId Variable" doc:id="8b713663-6aca-4f8f-bb01-331716d17f1b" variableName="caseId"/>
		<choice doc:name="Choice" doc:id="d959ea49-1985-4dbe-997d-0ec2b56c3a39" >
			<when expression="#[attributes.statusCode == 404]">
				<ee:transform doc:name="Prepare Register Covid Case JSON Payload" doc:id="396aea7c-6143-4f50-b469-e9d27c2d6e3a" >
					<ee:message >
						<ee:set-payload ><![CDATA[%dw 2.0
output application/json
---
{
  "source": vars.covidPayload.source,
  "caseType": vars.covidPayload.caseType,
  "firstName": vars.covidPayload.firstName,
  "lastName": vars.covidPayload.lastName,
  "phone": vars.covidPayload.phone,
  "email": vars.covidPayload.email,
  "dateOfBirth": vars.covidPayload.dateOfBirth,
  "nationalID": vars.covidPayload.nationalID,
  "nationalIDType": vars.covidPayload.nationalIDType,
  "address": {
    "streetAddress": vars.covidPayload.address.streetAddress,
    "city": vars.covidPayload.address.city,
    "state": vars.covidPayload.address.state,
    "postal": vars.covidPayload.address.postal,
    "country": vars.covidPayload.address.country
  }
}]]></ee:set-payload>
					</ee:message>
				</ee:transform>
				<http:request method="POST" doc:name="Request UHUB-SAPI Post Case" doc:id="6f4c15a8-c82b-40ef-83b9-17594c945f37" config-ref="HTTP_Uhub_SAPI_Request_configuration" path="/cases" >
					<http:headers ><![CDATA[#[{
	"x-correlation-id": vars.correlationId,
	"x-transaction-id": vars.transactionId,
	"Content-Type": "application/json"
}]]]></http:headers>
				</http:request>
				<set-variable value="#[payload.caseID]" doc:name="Set caseId Variable" doc:id="941d2a7a-4799-4348-9a26-9dd80ec5fb9f" variableName="caseId" />
				<ee:transform doc:name="Prepare Upload Document AWS SAPI Request Payload" doc:id="ee6a5731-7b6e-497c-8a0a-801323232d3d" >
					<ee:message >
						<ee:set-payload ><![CDATA[%dw 2.0
output application/json
---
{
   "bucketName":"uho-covid-cases-documents",
   "folderPath":"identity",
   "fileName":vars.caseId as String ++ ".png",
   "document": vars.covidPayload.iDoc
}]]></ee:set-payload>
					</ee:message>
				</ee:transform>
				<http:request method="POST" doc:name="Request AWS-SAPI Upload Doc" doc:id="62895d00-a5a8-499c-82e7-213fea8ac32f" url="https://uho-devx-aws-sapi-jqtwm0.5sc6y6-2.usa-e2.cloudhub.io/covid/v1/document">
					<http:headers ><![CDATA[#[{
	"client_id": "34d66836c33f48edb49a7cb2b9b472c2",
	"client_secret": "049B8Fd44394420d8D06695D5868Af38",
	"x-correlation-id": vars.correlationId,
	"x-transaction-id": vars.transactionId,
	"Content-Type": "application/json"
}]]]></http:headers>
				</http:request>
				<http:request method="POST" doc:name="Consume WHO-SAPI Oauth 2.0 Access Token" doc:id="dab53827-f20f-4648-baf8-2f03060b1ce7" url="https://dev-yr8zkwyrn04n4kcr.us.auth0.com/oauth/token">
					<http:body ><![CDATA[#[%dw 2.0
output application/json
---
{
   "client_id":"lHcbKjUY12bjnvHpT0i2aWY5xwu80Uf3",
   "client_secret":"dt0dxAkJ1BjPHa2m6HDHXydZM17ZodtfkvNxnUIVbfNzkrafIV3zZwSH1Q0kCZ8E",
   "audience":"https://dev-yr8zkwyrn04n4kcr.us.auth0.com/api/v2/",
   "grant_type":"client_credentials"
}]]]></http:body>
					<http:headers ><![CDATA[#[{
	"Content-Type": "application/json"
}]]]></http:headers>
				</http:request>
				<set-variable value="#[&quot;Bearer &quot; ++ payload.'access_token' as String]" doc:name="Set accessToken Variable" doc:id="57a93fd1-089c-449a-9432-04db433498c2" variableName="accessToken"/>
				<ee:transform doc:name="Prepare WHO-SAPI Request Payload" doc:id="b4e1adb0-fd7b-4950-8258-d8dcdb27258b">
					<ee:message>
						<ee:set-payload><![CDATA[%dw 2.0
output application/json
---
{
   "caseType":vars.covidPayload.caseType,
   "firstName":vars.covidPayload.firstName,
   "lastName":vars.covidPayload.lastName,
   "phone":vars.covidPayload.phone,
   "email":vars.covidPayload.email,
   "dateOfBirth":vars.covidPayload.dateOfBirth,
   "country":vars.covidPayload.address.country
}
]]></ee:set-payload>
					</ee:message>
				</ee:transform>
				<http:request method="POST" doc:name="Request WHO-SAPI To Report To WHO" doc:id="4c866cfc-8695-4c1c-ac69-c732d454b846" url="https://uho-devx-who-sapi-jqtwm0.5sc6y6-1.usa-e2.cloudhub.io/covid/v1/cases">
					<http:headers ><![CDATA[#[{
	"Authorization": vars.accessToken,
	"x-correlation-id": vars.correlationId,
	"x-transaction-id": vars.transactionId,
	"Content-Type": "application/json"
}]]]></http:headers>
				</http:request>
			</when>
			<otherwise >
				<ee:transform doc:name="Prepare Update Covid Case XML Payload" doc:id="93e39563-f92c-4fa1-8221-64f9a3d1e347" >
					<ee:message >
						<ee:set-payload ><![CDATA[%dw 2.0
output application/xml
---
covidCase: {
  "caseID": vars.caseId,
  "source": vars.covidPayload.source,
  "caseType": vars.covidPayload.caseType,
  "firstName": vars.covidPayload.firstName,
  "lastName": vars.covidPayload.lastName,
  "phone": vars.covidPayload.phone,
  "email": vars.covidPayload.email,
  "dateOfBirth": vars.covidPayload.dateOfBirth,
  "nationalID": vars.covidPayload.nationalID,
  "nationalIDType": vars.covidPayload.nationalIDType,
  "address": {
    "streetAddress": vars.covidPayload.address.streetAddress,
    "city": vars.covidPayload.address.city,
    "state": vars.covidPayload.address.state,
    "postal": vars.covidPayload.address.postal,
    "country": vars.covidPayload.address.country
  }
}]]></ee:set-payload>
					</ee:message>
				</ee:transform>
				<http:request method="PUT" doc:name="Request UHUB-SAPI Update Case" doc:id="15e4726c-1d1f-4fd8-bfb3-1826783bd46b" config-ref="HTTP_Uhub_SAPI_Request_configuration" path="/cases" >
					<http:headers ><![CDATA[#[{
	"x-correlation-id": vars.correlationId,
	"x-transaction-id": vars.transactionId,
	"Content-Type": "application/xml"
}]]]></http:headers>
				</http:request>
			</otherwise>
		</choice>
		<ee:transform doc:name="Set Response" doc:id="07b94eae-f796-479e-8a99-f0a5b65c8b85" xsi:schemaLocation="http://www.mulesoft.org/schema/mule/ee/core http://www.mulesoft.org/schema/mule/ee/core/current/mule-ee.xsd" >
			<ee:message >
				<ee:set-payload ><![CDATA[%dw 2.0
output application/json
---
{
	registrationID: vars.caseId
}]]></ee:set-payload>
			</ee:message>
		</ee:transform>
		<logger level="INFO" doc:name="End Log" doc:id="883d8a24-f21e-4dc9-bd8a-b5b3606c2656" message='transactionID: #[vars.transactionId]], correlationID: #[vars.correlationId], message: "Completed register covid case flow"' />
	</flow>
</mule>
